{"cameraMode":{"drawMode":0,"name":"Shaded","section":"Shading Mode"},"sceneLighting":true,"audioPlay":false,"sceneViewState":{"m_AlwaysRefresh":false,"showFog":false,"showSkybox":true,"showFlares":true,"showImageEffects":true,"showParticleSystems":true,"showVisualEffectGraphs":true,"m_FxEnabled":true},"in2DMode":false,"pivot":{"x":1110.8704833984375,"y":-284.5408935546875,"z":815.6163940429688},"rotation":{"x":-0.11030197888612747,"y":-0.8673480153083801,"z":0.43219149112701418,"w":-0.22109875082969666},"size":1360.3326416015625,"orthographic":false}